{"cameraMode":{"drawMode":0,"name":"Shaded","section":"Shading Mode"},"sceneLighting":true,"audioPlay":false,"sceneViewState":{"m_AlwaysRefresh":true,"showFog":true,"showSkybox":true,"showFlares":true,"showImageEffects":true,"showParticleSystems":true,"showVisualEffectGraphs":true,"m_FxEnabled":true},"in2DMode":false,"pivot":{"x":0.6997838020324707,"y":-0.012076377868652344,"z":-0.8580937385559082},"rotation":{"x":-0.041268620640039447,"y":0.958585798740387,"z":-0.20763444900512696,"w":-0.1905248612165451},"size":2.354037284851074,"orthographic":false}